state,psychotherapy_payment_index,p2019,p2024_lfl,lfl_change_pct
TX,0.971510562542357,2697.0,2296.0,-14.868372265480168
GA,0.9629789071370652,1118.0,910.0,-18.6046511627907
WA,1.0221044501685403,958.0,772.0,-19.41544885177453
UT,0.9325507839930419,474.0,344.0,-27.42616033755274
AZ,1.0048163485265909,805.0,718.0,-10.807453416149071
AL,0.9165110606527974,478.0,386.0,-19.246861924686186
NV,0.9810553341292481,311.0,275.0,-11.575562700964625
AK,1.3392208865752582,94.0,99.0,5.319148936170204
CA,1.1491769926862125,4848.0,4587.0,-5.3836633663366324
OK,0.9066735910956787,564.0,411.0,-27.127659574468087
OR,0.9687022717682591,747.0,598.0,-19.94645247657296
MS,0.908666044477505,238.0,179.0,-24.789915966386555
CO,0.9949876187381291,973.0,767.0,-21.17163412127441
TN,0.9519370951679967,829.0,678.0,-18.21471652593486
ID,0.9028424375587412,289.0,211.0,-26.989619377162633
LA,0.903794701895236,574.0,489.0,-14.80836236933798
NM,0.9351748159762083,398.0,277.0,-30.40201005025126
MO,0.9330512527727608,1175.0,843.0,-28.255319148936174
KY,0.8860685382273589,706.0,561.0,-20.538243626062325
SC,0.9272136317744778,661.0,606.0,-8.320726172465964
AR,0.8775756316279951,583.0,396.0,-32.07547169811321
WV,0.9316869376653655,288.0,229.0,-20.486111111111114
DC,1.092144278283327,189.0,171.0,-9.523809523809524
FL,1.016999692057066,3273.0,2945.0,-10.021387106629998
KS,0.9093861576526376,649.0,468.0,-27.889060092449924
NC,0.920537648432251,2163.0,1584.0,-26.768377253814148
OH,0.9404462113445345,2160.0,1700.0,-21.29629629629629
IN,0.9047504654636923,1347.0,892.0,-33.77876763177431
VA,0.9473305678800489,1514.0,1197.0,-20.937912813738446
NE,0.9092649027386169,340.0,258.0,-24.117647058823533
IL,0.9893882008895001,2486.0,2237.0,-10.016090104585684
MI,0.95296683382203,2806.0,1782.0,-36.49322879543835
HI,1.046874320937885,179.0,137.0,-23.463687150837988
MD,0.9962942772648798,1600.0,1327.0,-17.062500000000004
IA,0.8960130677222585,623.0,471.0,-24.39807383627608
MT,0.9206746880118458,250.0,217.0,-13.200000000000001
WY,0.9124676418104094,126.0,102.0,-19.047619047619047
ME,0.8961108027837731,614.0,321.0,-47.71986970684039
PA,1.0276875427781562,2911.0,2348.0,-19.34043284094813
SD,0.9265518690393791,188.0,149.0,-20.744680851063833
WI,0.9192483296457788,1300.0,976.0,-24.923076923076927
VT,0.9361773486931788,325.0,250.0,-23.076923076923073
NY,1.0519564389438616,5634.0,4451.0,-20.99751508697195
MN,0.9453122649337765,1610.0,1365.0,-15.217391304347828
MA,0.9881677873696872,3425.0,2644.0,-22.8029197080292
NJ,1.0354074633304058,2107.0,1977.0,-6.16990982439487
DE,0.9344713835144922,280.0,245.0,-12.5
ND,0.9416543749480845,213.0,158.0,-25.82159624413145
NH,0.9872987673999556,470.0,392.0,-16.595744680851066
RI,0.9740991148514263,381.0,340.0,-10.76115485564304
CT,0.983261547647661,1380.0,1015.0,-26.449275362318836
