state,state_name,base_50_50,demand_heavy_70_30,supply_heavy_30_70,current_supply_2024,top10_in_all_scenarios
TX,Texas,90.99999999999999,88.2,93.8,90.99999999999999,True
GA,Georgia,90.99999999999999,89.8,92.19999999999999,90.99999999999999,True
WA,Washington,88.0,89.60000000000001,86.4,87.0,True
UT,Utah,85.0,90.19999999999999,79.80000000000001,90.99999999999999,True
AZ,Arizona,84.00000000000001,81.60000000000001,86.4,82.0,True
AL,Alabama,84.0,79.2,88.79999999999998,84.0,False
NV,Nevada,83.0,79.4,86.6,83.0,True
AK,Alaska,81.0,78.2,83.8,59.0,False
CA,California,80.0,80.80000000000001,79.19999999999999,78.0,True
OK,Oklahoma,80.0,84.00000000000001,76.0,81.0,False
OR,Oregon,77.0,86.2,67.8,76.0,False
MS,Mississippi,76.0,66.4,85.6,76.0,False
CO,Colorado,76.0,83.2,68.8,77.0,False
TN,Tennessee,74.0,69.19999999999999,78.8,75.0,False
ID,Idaho,73.0,71.8,74.19999999999999,74.0,False
LA,Louisiana,71.0,66.60000000000001,75.4,70.0,False
NM,New Mexico,71.0,74.6,67.39999999999999,71.0,False
MO,Missouri,67.0,74.6,59.4,72.0,False
KY,Kentucky,66.0,66.0,65.99999999999999,68.0,False
SC,South Carolina,61.0,55.800000000000004,66.2,62.0,False
AR,Arkansas,60.00000000000001,63.2,56.800000000000004,59.00000000000001,False
WV,West Virginia,58.00000000000001,55.60000000000001,60.4,60.00000000000001,False
DC,District of Columbia,55.99999999999999,72.0,40.0,55.00000000000001,False
FL,Florida,50.0,42.800000000000004,57.199999999999996,49.0,False
KS,Kansas,50.0,55.599999999999994,44.4,53.0,False
NC,North Carolina,49.0,52.6,45.4,53.0,False
OH,Ohio,48.0,47.2,48.8,46.0,False
IN,Indiana,48.0,48.8,47.199999999999996,57.00000000000001,False
VA,Virginia,43.00000000000001,37.8,48.199999999999996,43.00000000000001,False
NE,Nebraska,42.0,34.8,49.2,39.0,False
IL,Illinois,42.0,42.0,42.0,37.0,False
MI,Michigan,40.0,46.400000000000006,33.599999999999994,45.00000000000001,False
HI,Hawaii,40.0,24.000000000000004,55.99999999999999,45.0,False
MD,Maryland,33.0,37.4,28.6,32.0,False
IA,Iowa,32.0,27.200000000000003,36.8,30.000000000000004,False
MT,Montana,32.0,33.6,30.4,32.0,False
WY,Wyoming,31.000000000000007,29.800000000000004,32.2,22.000000000000004,False
ME,Maine,24.000000000000004,30.4,17.599999999999998,29.000000000000004,False
PA,Pennsylvania,23.0,20.200000000000003,25.8,23.0,False
SD,South Dakota,20.0,12.8,27.199999999999996,19.0,False
WI,Wisconsin,20.0,15.200000000000003,24.799999999999997,23.0,False
VT,Vermont,20.0,27.199999999999996,12.8,19.0,False
NY,New York,20.0,20.8,19.2,22.0,False
MN,Minnesota,19.0,21.8,16.2,19.0,False
MA,Massachusetts,17.0,23.799999999999997,10.200000000000001,18.000000000000004,False
NJ,New Jersey,16.0,12.000000000000002,20.0,15.0,False
DE,Delaware,14.000000000000002,14.000000000000002,14.000000000000002,12.000000000000002,False
ND,North Dakota,12.000000000000002,8.8,15.2,15.0,False
NH,New Hampshire,11.0,11.399999999999999,10.599999999999998,9.0,False
RI,Rhode Island,11.0,13.8,8.2,11.0,False
CT,Connecticut,8.0,8.799999999999999,7.199999999999999,9.0,False
