state,state_name,census_region,unmet_need_pct,received_counseling_pct,took_medication_pct,any_treatment_pct,providers_per_100k_2020_22,providers_per_100k_2024,providers_2019,providers_2024,providers_change_pct_2019_24,psychotherapy_60min_payment_2024,psychotherapy_payment_index,demand_pctile,scarcity_pctile,access_gap_score,access_gap_rank,gap_quadrant
TX,Texas,South,11.88181818181818,8.348484848484848,19.078787878787875,22.006060606060608,8.029143299563309,7.925008600326618,2697,2482,-8.0,93.629752394,0.971510562542357,0.84,0.98,91.0,1,High need / Low supply
GA,Georgia,South,12.212121212121213,9.187878787878786,20.881818181818183,23.996969696969696,9.067006150275423,8.657461553730528,1118,970,-13.2,92.807510399,0.9629789071370652,0.88,0.94,91.0,1,High need / Low supply
WA,Washington,West,12.896969696969697,11.466666666666667,22.178787878787883,26.50606060606061,11.081626551124403,10.53234641253145,958,835,-12.8,98.505760287,1.0221044501685403,0.92,0.84,88.0,3,High need / Low supply
UT,Utah,West,13.778787878787877,10.972727272727274,25.75454545454545,29.82424242424242,12.02718456657891,10.334049580029363,474,362,-23.6,89.874986816,0.9325507839930419,0.98,0.72,85.0,4,High need / Low supply
AZ,Arizona,West,11.493939393939392,9.272727272727275,20.039393939393946,22.996969696969703,10.3460257882861,10.309109176509947,805,779,-3.2,96.839611983,1.0048163485265909,0.78,0.9,84.0,5,High need / Low supply
AL,Alabama,South,11.363636363636365,8.818181818181818,24.860606060606052,27.196969696969695,8.595463079538787,7.979771666193756,478,412,-13.8,88.32915151300001,0.9165110606527974,0.72,0.96,84.0,6,High need / Low supply
NV,Nevada,West,11.469696969696969,8.457575757575757,17.484848484848484,20.46363636363636,9.288409730646842,9.189981506314808,311,299,-3.9,94.549633901,0.9810553341292481,0.74,0.92,83.0,7,High need / Low supply
AK,Alaska,West,11.469696969696969,10.442424242424241,18.096969696969698,22.27575757575758,10.766875520989046,15.749378510516104,94,116,23.4,129.06799457,1.3392208865752582,0.74,0.88,81.0,8,High need / Low supply
CA,California,West,11.651515151515152,10.709090909090905,16.942424242424238,21.27878787878788,11.2792764858174,12.158078184317786,4848,4786,-1.3,110.75243176000001,1.1491769926862125,0.82,0.78,80.0,9,High need / Low supply
OK,Oklahoma,South,12.509090909090904,9.124242424242423,25.70909090909091,28.293939393939393,12.102861074072107,12.49463731142737,564,512,-9.2,87.381061112,0.9066735910956787,0.9,0.7,80.0,9,High need / Low supply
OR,Oregon,West,14.43939393939394,12.97272727272727,23.433333333333334,28.61818181818181,15.873951630868936,15.004721798390932,747,640,-14.3,93.359102151,0.9687022717682591,1.0,0.54,77.0,11,High need / Low supply
MS,Mississippi,South,10.721212121212119,7.309090909090907,23.581818181818182,25.23636363636363,7.48174798189692,6.84705840879786,238,202,-15.1,87.573084672,0.908666044477505,0.52,1.0,76.0,12,High need / Low supply
CO,Colorado,West,13.02727272727273,12.145454545454545,21.463636363636365,26.503030303030307,15.019220237180283,14.110373512441008,973,845,-13.2,95.892363881,0.9949876187381291,0.94,0.58,76.0,12,High need / Low supply
TN,Tennessee,South,11.106060606060606,8.775757575757575,24.07878787878788,26.678787878787876,10.888421475087952,9.818941206469303,829,712,-14.1,91.743350975,0.9519370951679967,0.62,0.86,74.0,14,High need / Low supply
ID,Idaho,West,11.321212121212124,9.63030303030303,23.718181818181815,26.83636363636364,11.788178519508286,11.944792070657194,289,239,-17.3,87.011832026,0.9028424375587412,0.7,0.76,73.0,15,High need / Low supply
LA,Louisiana,South,10.98181818181818,9.218181818181819,25.46969696969697,28.003030303030297,11.151589202356917,11.289572552080466,574,521,-9.2,87.103606915,0.903794701895236,0.6,0.82,71.0,16,High need / Low supply
NM,New Mexico,West,11.493939393939394,10.915151515151514,20.71515151515151,24.6969696969697,14.710754371752595,13.87077329326012,398,295,-25.9,90.127879038,0.9351748159762083,0.8,0.62,71.0,16,High need / Low supply
MO,Missouri,Midwest,12.012121212121206,9.100000000000001,24.869696969696967,27.451515151515153,16.503968817719482,14.462939638128601,1175,903,-23.1,89.923219712,0.9330512527727608,0.86,0.48,67.0,18,High need / High supply
KY,Kentucky,South,11.209090909090913,9.287878787878787,27.378787878787875,29.72121212121212,14.02066181217827,13.437910527075863,706,616,-12.7,85.395240193,0.8860685382273589,0.66,0.66,66.0,19,High need / Low supply
SC,South Carolina,South,10.560606060606062,8.196969696969699,23.587878787878786,25.91818181818181,11.954224706681506,12.002952106946122,661,659,-0.3,89.360616453,0.9272136317744778,0.48,0.74,61.0,20,Low need / Low supply
AR,Arkansas,South,11.318181818181818,8.127272727272727,26.690909090909088,28.706060606060596,16.331796950498866,15.115888478333893,583,468,-19.7,84.576732631,0.8775756316279951,0.68,0.52,60.0,21,High need / Low supply
WV,West Virginia,South,10.721212121212119,8.63030303030303,28.848484848484848,30.742424242424246,14.572500347961997,13.74899428652904,288,243,-15.6,89.791733251,0.9316869376653655,0.52,0.64,58.0,22,High need / Low supply
DC,District of Columbia,South,13.67272727272727,18.08181818181818,19.736363636363638,27.89393939393939,25.06230273054584,25.314258436880706,189,175,-7.4,105.25587914,1.092144278283327,0.96,0.16,56.0,23,High need / High supply
FL,Florida,South,10.190909090909091,8.257575757575758,19.73333333333333,22.309090909090912,13.851795570521881,13.766965969590263,3273,3203,-2.1,98.013787007,1.016999692057066,0.32,0.68,50.0,24,Low need / Low supply
KS,Kansas,Midwest,11.181818181818182,9.293939393939395,24.203030303030303,26.99090909090909,19.3867879816018,16.828249335975492,649,499,-23.1,87.642485892,0.9093861576526376,0.64,0.36,50.0,24,High need / High supply
NC,North Carolina,South,10.900000000000002,10.036363636363637,23.333333333333332,26.566666666666663,18.06376534728273,15.381746445301017,2163,1700,-21.4,88.71721565899999,0.920537648432251,0.58,0.4,49.0,26,High need / High supply
OH,Ohio,Midwest,10.52727272727273,9.687878787878788,23.790909090909096,26.590909090909093,16.4384127545319,15.395483929551412,2160,1826,-15.5,90.635912056,0.9404462113445345,0.46,0.5,48.0,27,Low need / Low supply
IN,Indiana,Midwest,10.699999999999996,9.033333333333331,25.45454545454545,27.92424242424243,16.549293746409937,13.785636808457806,1347,956,-29.0,87.195719044,0.9047504654636923,0.5,0.46,48.0,27,High need / High supply
VA,Virginia,South,10.145454545454546,10.254545454545456,21.624242424242436,24.778787878787877,15.214104994834495,14.75116563688186,1514,1301,-14.1,91.299394907,0.9473305678800489,0.3,0.56,43.0,29,Low need / Low supply
NE,Nebraska,Midwest,9.818181818181818,9.481818181818182,23.63939393939394,26.33030303030303,14.779491464186057,14.908323780870576,340,299,-12.1,87.630799897,0.9092649027386169,0.24,0.6,42.0,30,Low need / Low supply
IL,Illinois,Midwest,10.466666666666665,10.587878787878788,20.818181818181817,24.675757575757576,17.40858960039927,18.62547314487808,2486,2366,-4.8,95.352717554,0.9893882008895001,0.42,0.42,42.0,30,Low need / High supply
MI,Michigan,Midwest,10.836363636363634,10.38181818181818,22.927272727272733,26.390909090909087,21.717242222990322,18.237692379436677,2806,1842,-34.4,91.842592485,0.95296683382203,0.56,0.24,40.0,32,High need / High supply
HI,Hawaii,West,7.51875,8.893939393939396,12.896969696969695,16.930303030303033,11.16075657133167,9.756423908256165,179,140,-21.8,100.89296734,1.046874320937885,0.0,0.8,40.0,32,Low need / Low supply
MD,Maryland,South,10.469696969696969,12.196969696969695,20.412121212121214,24.748484848484846,23.017936697590248,22.94520339569796,1600,1433,-10.4,96.018293664,0.9962942772648798,0.44,0.22,33.0,34,Low need / High supply
IA,Iowa,Midwest,9.506060606060604,9.536363636363637,25.224242424242426,27.88181818181819,17.28600289241808,16.96355992067988,623,548,-12.0,86.353648542,0.8960130677222585,0.2,0.44,32.0,35,Low need / High supply
MT,Montana,West,10.306060606060607,9.945454545454545,21.87575757575757,25.71212121212121,20.246858844294046,21.097843888262304,250,240,-4.0,88.730422908,0.9206746880118458,0.36,0.28,32.0,35,Low need / High supply
WY,Wyoming,West,10.100000000000001,8.503124999999999,20.666666666666668,23.575757575757574,19.49471456346168,23.86138580111194,126,140,11.1,87.93946526599998,0.9124676418104094,0.28,0.34,31.0,37,Low need / High supply
ME,Maine,Northeast,10.345454545454547,11.77575757575758,25.6939393939394,29.63333333333333,31.68777534469361,23.785214542635174,614,335,-45.4,86.363067801,0.8961108027837731,0.4,0.08,24.0,38,Low need / High supply
PA,Pennsylvania,Northeast,9.487878787878788,10.763636363636364,24.063636363636363,27.45757575757575,19.855352947520057,19.055871262642338,2911,2486,-14.6,99.04383326200002,1.0276875427781562,0.16,0.3,23.0,39,Low need / High supply
SD,South Dakota,Midwest,8.324242424242422,7.351515151515154,22.087878787878775,24.030303030303028,18.712301502756066,18.120827086322013,188,168,-10.6,89.296838782,0.9265518690393791,0.02,0.38,20.0,40,Low need / High supply
WI,Wisconsin,Midwest,9.23939393939394,9.366666666666667,22.766666666666673,25.678787878787883,19.657942847883252,17.592251888816968,1300,1048,-19.4,88.592957001,0.9192483296457788,0.08,0.32,20.0,40,Low need / High supply
VT,Vermont,Northeast,10.34,13.72121212121212,24.05454545454546,29.681818181818187,41.498676416320585,44.23676879791994,325,286,-12.0,90.224498564,0.9361773486931788,0.38,0.02,20.0,40,Low need / High supply
NY,New York,Northeast,9.524242424242424,12.36060606060606,18.41515151515152,23.266666666666662,24.657674763908663,22.87337713389235,5634,4575,-18.8,101.38275867,1.0519564389438616,0.22,0.18,20.0,40,Low need / High supply
MN,Minnesota,Midwest,9.921212121212118,10.869696969696967,23.98787878787879,27.55151515151515,25.559855386286937,25.73565241690032,1610,1492,-7.3,91.104880084,0.9453122649337765,0.26,0.12,19.0,44,Low need / High supply
MA,Massachusetts,Northeast,10.227272727272727,14.927272727272728,23.46969696969697,28.642424242424244,42.12259479428579,40.27422897615205,3425,2875,-16.1,95.235099671,0.9881677873696872,0.34,0.0,17.0,45,Low need / High supply
NJ,New Jersey,Northeast,8.799999999999999,10.227272727272727,18.124242424242418,21.984848484848488,21.185308165420068,21.64867834713498,2107,2058,-2.3,99.787843958,1.0354074633304058,0.06,0.26,16.0,46,Low need / High supply
DE,Delaware,South,9.472727272727273,10.35151515151515,21.527272727272734,24.684848484848484,25.23500266202666,25.99695464245617,280,273,-2.5,90.060085429,0.9344713835144922,0.14,0.14,14.0,47,Low need / High supply
ND,North Dakota,Midwest,8.396875,7.703125000000001,23.051515151515154,25.127272727272725,24.382099290912127,21.301080052988013,213,169,-20.7,90.752349348,0.9416543749480845,0.04,0.2,12.0,48,Low need / High supply
NH,New Hampshire,Northeast,9.40909090909091,10.806060606060605,24.290909090909093,27.503030303030304,30.678435527013153,31.735483678589837,470,447,-4.9,95.151347494,0.9872987673999556,0.12,0.1,11.0,49,Low need / High supply
RI,Rhode Island,Northeast,9.5,14.248484848484846,25.230303030303034,29.439393939393934,32.86710983865613,32.06008564365575,381,356,-6.6,93.879225247,0.9740991148514263,0.18,0.04,11.0,49,Low need / High supply
CT,Connecticut,Northeast,9.24242424242424,12.884848484848487,21.45757575757576,25.924242424242422,32.13675068270111,29.31051703262176,1380,1077,-22.0,94.762258687,0.983261547647661,0.1,0.06,8.0,51,Low need / High supply
