indicator,time_period,time_period_label,start_date,end_date,value_pct,low_ci,high_ci
Took Medication,13,"Aug 19 - Aug 31, 2020",2020-08-19,2020-08-31,19.4,19.0,19.8
Received Counseling,13,"Aug 19 - Aug 31, 2020",2020-08-19,2020-08-31,8.7,8.3,9.2
Medication and/or Counseling,13,"Aug 19 - Aug 31, 2020",2020-08-19,2020-08-31,22.4,22.0,22.9
Unmet Counseling Need,13,"Aug 19 - Aug 31, 2020",2020-08-19,2020-08-31,9.2,8.8,9.6
Took Medication,14,"Sep 2 - Sep 14, 2020",2020-09-02,2020-09-14,19.6,19.1,20.2
Received Counseling,14,"Sep 2 - Sep 14, 2020",2020-09-02,2020-09-14,9.1,8.7,9.5
Medication and/or Counseling,14,"Sep 2 - Sep 14, 2020",2020-09-02,2020-09-14,22.8,22.2,23.4
Unmet Counseling Need,14,"Sep 2 - Sep 14, 2020",2020-09-02,2020-09-14,9.7,9.4,10.0
Took Medication,15,"Sep 16 - Sep 28, 2020",2020-09-16,2020-09-28,19.8,19.3,20.3
Received Counseling,15,"Sep 16 - Sep 28, 2020",2020-09-16,2020-09-28,9.0,8.7,9.4
Medication and/or Counseling,15,"Sep 16 - Sep 28, 2020",2020-09-16,2020-09-28,22.9,22.4,23.4
Unmet Counseling Need,15,"Sep 16 - Sep 28, 2020",2020-09-16,2020-09-28,10.4,10.0,10.8
Took Medication,16,"Sep 30 - Oct 12, 2020",2020-09-30,2020-10-12,19.5,19.0,20.0
Received Counseling,16,"Sep 30 - Oct 12, 2020",2020-09-30,2020-10-12,9.0,8.7,9.4
Medication and/or Counseling,16,"Sep 30 - Oct 12, 2020",2020-09-30,2020-10-12,22.6,22.0,23.2
Unmet Counseling Need,16,"Sep 30 - Oct 12, 2020",2020-09-30,2020-10-12,9.7,9.3,10.1
Took Medication,17,"Oct 14 - Oct 26, 2020",2020-10-14,2020-10-26,20.2,19.7,20.8
Received Counseling,17,"Oct 14 - Oct 26, 2020",2020-10-14,2020-10-26,10.0,9.5,10.5
Medication and/or Counseling,17,"Oct 14 - Oct 26, 2020",2020-10-14,2020-10-26,23.7,23.0,24.4
Unmet Counseling Need,17,"Oct 14 - Oct 26, 2020",2020-10-14,2020-10-26,10.6,10.1,11.0
Took Medication,18,"Oct 28 - Nov 9, 2020",2020-10-28,2020-11-09,20.8,20.2,21.5
Received Counseling,18,"Oct 28 - Nov 9, 2020",2020-10-28,2020-11-09,9.8,9.4,10.2
Medication and/or Counseling,18,"Oct 28 - Nov 9, 2020",2020-10-28,2020-11-09,24.3,23.6,25.0
Unmet Counseling Need,18,"Oct 28 - Nov 9, 2020",2020-10-28,2020-11-09,11.2,10.8,11.7
Took Medication,19,"Nov 11 - Nov 23, 2020",2020-11-11,2020-11-23,21.6,21.0,22.2
Received Counseling,19,"Nov 11 - Nov 23, 2020",2020-11-11,2020-11-23,9.9,9.5,10.3
Medication and/or Counseling,19,"Nov 11 - Nov 23, 2020",2020-11-11,2020-11-23,24.9,24.3,25.4
Unmet Counseling Need,19,"Nov 11 - Nov 23, 2020",2020-11-11,2020-11-23,11.1,10.7,11.6
Took Medication,20,"Nov 25 - Dec 7, 2020",2020-11-25,2020-12-07,21.4,20.9,22.0
Received Counseling,20,"Nov 25 - Dec 7, 2020",2020-11-25,2020-12-07,10.1,9.6,10.6
Medication and/or Counseling,20,"Nov 25 - Dec 7, 2020",2020-11-25,2020-12-07,25.0,24.4,25.6
Unmet Counseling Need,20,"Nov 25 - Dec 7, 2020",2020-11-25,2020-12-07,12.0,11.5,12.5
Took Medication,21,"Dec 9 - Dec 21, 2020",2020-12-09,2020-12-21,21.8,21.1,22.5
Received Counseling,21,"Dec 9 - Dec 21, 2020",2020-12-09,2020-12-21,10.2,9.7,10.7
Medication and/or Counseling,21,"Dec 9 - Dec 21, 2020",2020-12-09,2020-12-21,25.2,24.5,25.9
Unmet Counseling Need,21,"Dec 9 - Dec 21, 2020",2020-12-09,2020-12-21,12.4,11.9,13.0
Took Medication,1,"Dec 22, 2020 - Jan 5, 2021",2020-12-22,2021-01-05,,,
Took Medication,22,"Jan 6 - Jan 18, 2021",2021-01-06,2021-01-18,20.7,20.1,21.4
Received Counseling,1,"Dec 22, 2020 - Jan 5, 2021",2020-12-22,2021-01-05,,,
Received Counseling,22,"Jan 6 - Jan 18, 2021",2021-01-06,2021-01-18,9.6,9.2,10.1
Medication and/or Counseling,1,"Dec 22, 2020 - Jan 5, 2021",2020-12-22,2021-01-05,,,
Medication and/or Counseling,22,"Jan 6 - Jan 18, 2021",2021-01-06,2021-01-18,24.1,23.5,24.8
Unmet Counseling Need,1,"Dec 22, 2020 - Jan 5, 2021",2020-12-22,2021-01-05,,,
Unmet Counseling Need,22,"Jan 6 - Jan 18, 2021",2021-01-06,2021-01-18,11.4,10.9,11.9
Took Medication,23,"Jan 20 - Feb 1, 2021",2021-01-20,2021-02-01,21.2,20.6,21.8
Received Counseling,23,"Jan 20 - Feb 1, 2021",2021-01-20,2021-02-01,9.8,9.4,10.1
Medication and/or Counseling,23,"Jan 20 - Feb 1, 2021",2021-01-20,2021-02-01,24.8,24.2,25.4
Unmet Counseling Need,23,"Jan 20 - Feb 1, 2021",2021-01-20,2021-02-01,11.7,11.1,12.2
Took Medication,24,"Feb 3 - Feb 15, 2021",2021-02-03,2021-02-15,20.8,20.2,21.3
Received Counseling,24,"Feb 3 - Feb 15, 2021",2021-02-03,2021-02-15,10.3,9.8,10.7
Medication and/or Counseling,24,"Feb 3 - Feb 15, 2021",2021-02-03,2021-02-15,24.5,23.9,25.1
Unmet Counseling Need,24,"Feb 3 - Feb 15, 2021",2021-02-03,2021-02-15,11.5,11.0,11.9
Took Medication,25,"Feb 17 - Mar 1, 2021",2021-02-17,2021-03-01,21.1,20.5,21.8
Received Counseling,25,"Feb 17 - Mar 1, 2021",2021-02-17,2021-03-01,10.3,9.9,10.7
Medication and/or Counseling,25,"Feb 17 - Mar 1, 2021",2021-02-17,2021-03-01,24.6,24.0,25.3
Took Medication,1,"Mar 30 - Apr 13, 2021",2021-03-30,2021-04-13,,,
Unmet Counseling Need,25,"Feb 17 - Mar 1, 2021",2021-02-17,2021-03-01,11.9,11.3,12.4
Took Medication,26,"Mar 3 - Mar 15, 2021",2021-03-03,2021-03-15,21.1,20.5,21.8
Received Counseling,26,"Mar 3 - Mar 15, 2021",2021-03-03,2021-03-15,10.6,10.1,11.0
Medication and/or Counseling,26,"Mar 3 - Mar 15, 2021",2021-03-03,2021-03-15,24.7,24.0,25.4
Unmet Counseling Need,26,"Mar 3 - Mar 15, 2021",2021-03-03,2021-03-15,11.7,11.2,12.3
Took Medication,27,"Mar 17 - Mar 29, 2021",2021-03-17,2021-03-29,20.6,19.9,21.3
Received Counseling,27,"Mar 17 - Mar 29, 2021",2021-03-17,2021-03-29,10.1,9.6,10.6
Medication and/or Counseling,27,"Mar 17 - Mar 29, 2021",2021-03-17,2021-03-29,24.0,23.3,24.7
Unmet Counseling Need,27,"Mar 17 - Mar 29, 2021",2021-03-17,2021-03-29,11.1,10.6,11.7
Took Medication,28,"Apr 14 - Apr 26, 2021",2021-04-14,2021-04-26,21.2,20.5,21.8
Received Counseling,1,"Mar 30 - Apr 13, 2021",2021-03-30,2021-04-13,,,
Received Counseling,28,"Apr 14 - Apr 26, 2021",2021-04-14,2021-04-26,9.8,9.4,10.3
Medication and/or Counseling,1,"Mar 30 - Apr 13, 2021",2021-03-30,2021-04-13,,,
Medication and/or Counseling,28,"Apr 14 - Apr 26, 2021",2021-04-14,2021-04-26,24.6,23.9,25.3
Unmet Counseling Need,1,"Mar 30 - Apr 13, 2021",2021-03-30,2021-04-13,,,
Unmet Counseling Need,28,"Apr 14 - Apr 26, 2021",2021-04-14,2021-04-26,9.9,9.4,10.4
Took Medication,29,"Apr 28 - May 10, 2021",2021-04-28,2021-05-10,21.4,20.8,22.1
Received Counseling,29,"Apr 28 - May 10, 2021",2021-04-28,2021-05-10,10.2,9.8,10.6
Medication and/or Counseling,29,"Apr 28 - May 10, 2021",2021-04-28,2021-05-10,24.8,24.1,25.5
Unmet Counseling Need,29,"Apr 28 - May 10, 2021",2021-04-28,2021-05-10,9.8,9.3,10.2
Took Medication,30,"May 12 - May 24, 2021",2021-05-12,2021-05-24,21.0,20.5,21.6
Received Counseling,30,"May 12 - May 24, 2021",2021-05-12,2021-05-24,10.0,9.5,10.4
Medication and/or Counseling,30,"May 12 - May 24, 2021",2021-05-12,2021-05-24,24.3,23.7,24.9
Unmet Counseling Need,30,"May 12 - May 24, 2021",2021-05-12,2021-05-24,10.1,9.7,10.5
Took Medication,31,"May 26 - Jun 7, 2021",2021-05-26,2021-06-07,21.3,20.7,21.9
Received Counseling,31,"May 26 - Jun 7, 2021",2021-05-26,2021-06-07,10.1,9.7,10.5
Medication and/or Counseling,31,"May 26 - Jun 7, 2021",2021-05-26,2021-06-07,24.7,24.1,25.3
Unmet Counseling Need,31,"May 26 - Jun 7, 2021",2021-05-26,2021-06-07,9.8,9.3,10.3
Took Medication,32,"Jun 9 - Jun 21, 2021",2021-06-09,2021-06-21,21.0,20.3,21.7
Received Counseling,32,"Jun 9 - Jun 21, 2021",2021-06-09,2021-06-21,9.7,9.3,10.1
Medication and/or Counseling,32,"Jun 9 - Jun 21, 2021",2021-06-09,2021-06-21,24.2,23.5,25.0
Unmet Counseling Need,32,"Jun 9 - Jun 21, 2021",2021-06-09,2021-06-21,9.8,9.4,10.3
Took Medication,33,"Jun 23 - Jul 5, 2021",2021-06-23,2021-07-05,21.2,20.6,21.9
Received Counseling,33,"Jun 23 - Jul 5, 2021",2021-06-23,2021-07-05,10.8,10.3,11.2
Medication and/or Counseling,33,"Jun 23 - Jul 5, 2021",2021-06-23,2021-07-05,25.0,24.4,25.6
Unmet Counseling Need,33,"Jun 23 - Jul 5, 2021",2021-06-23,2021-07-05,10.3,9.8,10.9
Took Medication,1,"Jul 6 - Jul 20, 2021",2021-07-06,2021-07-20,,,
Took Medication,34,"Jul 21 - Aug 2, 2021",2021-07-21,2021-08-02,22.4,21.8,23.0
Received Counseling,1,"Jul 6 - Jul 20, 2021",2021-07-06,2021-07-20,,,
Received Counseling,34,"Jul 21 - Aug 2, 2021",2021-07-21,2021-08-02,10.7,10.2,11.3
Medication and/or Counseling,1,"Jul 6 - Jul 20, 2021",2021-07-06,2021-07-20,,,
Medication and/or Counseling,34,"Jul 21 - Aug 2, 2021",2021-07-21,2021-08-02,25.9,25.2,26.5
Unmet Counseling Need,1,"Jul 6 - Jul 20, 2021",2021-07-06,2021-07-20,,,
Unmet Counseling Need,34,"Jul 21 - Aug 2, 2021",2021-07-21,2021-08-02,11.4,10.9,11.9
Took Medication,35,"Aug 4 - Aug 16, 2021",2021-08-04,2021-08-16,22.0,21.4,22.7
Received Counseling,35,"Aug 4 - Aug 16, 2021",2021-08-04,2021-08-16,10.1,9.7,10.4
Medication and/or Counseling,35,"Aug 4 - Aug 16, 2021",2021-08-04,2021-08-16,25.7,25.0,26.3
Unmet Counseling Need,35,"Aug 4 - Aug 16, 2021",2021-08-04,2021-08-16,10.6,10.1,11.0
Took Medication,36,"Aug 18 - Aug 30, 2021",2021-08-18,2021-08-30,21.5,21.0,22.1
Received Counseling,36,"Aug 18 - Aug 30, 2021",2021-08-18,2021-08-30,10.1,9.7,10.6
Medication and/or Counseling,36,"Aug 18 - Aug 30, 2021",2021-08-18,2021-08-30,25.1,24.6,25.7
Unmet Counseling Need,36,"Aug 18 - Aug 30, 2021",2021-08-18,2021-08-30,11.2,10.8,11.7
Took Medication,37,"Sep 1 - Sep 13, 2021",2021-09-01,2021-09-13,22.2,21.7,22.8
Received Counseling,37,"Sep 1 - Sep 13, 2021",2021-09-01,2021-09-13,10.3,9.9,10.8
Medication and/or Counseling,37,"Sep 1 - Sep 13, 2021",2021-09-01,2021-09-13,25.7,25.1,26.3
Unmet Counseling Need,37,"Sep 1 - Sep 13, 2021",2021-09-01,2021-09-13,11.3,10.9,11.8
Took Medication,38,"Sep 15 - Sep 27, 2021",2021-09-15,2021-09-27,22.4,21.8,23.0
Received Counseling,38,"Sep 15 - Sep 27, 2021",2021-09-15,2021-09-27,10.2,9.8,10.6
Medication and/or Counseling,38,"Sep 15 - Sep 27, 2021",2021-09-15,2021-09-27,25.9,25.3,26.5
Unmet Counseling Need,38,"Sep 15 - Sep 27, 2021",2021-09-15,2021-09-27,11.6,11.1,12.0
Took Medication,39,"Sep 29 - Oct 11, 2021",2021-09-29,2021-10-11,22.4,21.7,23.1
Received Counseling,39,"Sep 29 - Oct 11, 2021",2021-09-29,2021-10-11,10.5,10.0,11.0
Medication and/or Counseling,39,"Sep 29 - Oct 11, 2021",2021-09-29,2021-10-11,26.1,25.4,26.9
Unmet Counseling Need,39,"Sep 29 - Oct 11, 2021",2021-09-29,2021-10-11,11.0,10.5,11.5
Took Medication,1,"Oct 12 - Nov 30, 2021",2021-10-12,2021-11-30,,,
Took Medication,40,"Dec 1 - Dec 13, 2021",2021-12-01,2021-12-13,22.1,21.6,22.7
Received Counseling,1,"Oct 12 - Nov 30, 2021",2021-10-12,2021-11-30,,,
Received Counseling,40,"Dec 1 - Dec 13, 2021",2021-12-01,2021-12-13,10.3,9.8,10.7
Medication and/or Counseling,1,"Oct 12 - Nov 30, 2021",2021-10-12,2021-11-30,,,
Medication and/or Counseling,40,"Dec 1 - Dec 13, 2021",2021-12-01,2021-12-13,25.5,25.0,26.1
Unmet Counseling Need,1,"Oct 12 - Nov 30, 2021",2021-10-12,2021-11-30,,,
Unmet Counseling Need,40,"Dec 1 - Dec 13, 2021",2021-12-01,2021-12-13,11.1,10.7,11.6
Took Medication,41,"Dec 29, 2021 - Jan 10, 2022",2021-12-29,2022-01-10,22.3,21.7,22.9
Received Counseling,41,"Dec 29, 2021 - Jan 10, 2022",2021-12-29,2022-01-10,10.6,10.2,11.1
Medication and/or Counseling,41,"Dec 29, 2021 - Jan 10, 2022",2021-12-29,2022-01-10,25.9,25.3,26.5
Unmet Counseling Need,41,"Dec 29, 2021 - Jan 10, 2022",2021-12-29,2022-01-10,11.3,10.8,11.8
Took Medication,42,"Jan 26 - Feb 7, 2022",2022-01-26,2022-02-07,22.1,21.6,22.7
Received Counseling,42,"Jan 26 - Feb 7, 2022",2022-01-26,2022-02-07,10.5,10.2,10.9
Medication and/or Counseling,42,"Jan 26 - Feb 7, 2022",2022-01-26,2022-02-07,25.7,25.1,26.2
Unmet Counseling Need,42,"Jan 26 - Feb 7, 2022",2022-01-26,2022-02-07,11.1,10.5,11.8
Took Medication,1,"Feb 23 - Mar 1, 2022",2022-02-23,2022-03-01,,,
Took Medication,43,"Mar 2 - Mar 14, 2022",2022-03-02,2022-03-14,22.2,21.7,22.7
Received Counseling,1,"Feb 23 - Mar 1, 2022",2022-02-23,2022-03-01,,,
Received Counseling,43,"Mar 2 - Mar 14, 2022",2022-03-02,2022-03-14,11.3,10.9,11.8
Medication and/or Counseling,1,"Feb 23 - Mar 1, 2022",2022-02-23,2022-03-01,,,
Medication and/or Counseling,43,"Mar 2 - Mar 14, 2022",2022-03-02,2022-03-14,26.1,25.5,26.7
Unmet Counseling Need,1,"Feb 23 - Mar 1, 2022",2022-02-23,2022-03-01,,,
Unmet Counseling Need,43,"Mar 2 - Mar 14, 2022",2022-03-02,2022-03-14,11.5,10.9,12.0
Took Medication,44,"Mar 30 - Apr 11, 2022",2022-03-30,2022-04-11,23.5,22.7,24.2
Received Counseling,44,"Mar 30 - Apr 11, 2022",2022-03-30,2022-04-11,10.9,10.5,11.4
Medication and/or Counseling,44,"Mar 30 - Apr 11, 2022",2022-03-30,2022-04-11,27.1,26.3,27.9
Unmet Counseling Need,44,"Mar 30 - Apr 11, 2022",2022-03-30,2022-04-11,11.5,11.0,11.9
Took Medication,45,"Apr 27 - May 9, 2022",2022-04-27,2022-05-09,23.1,22.3,24.0
Received Counseling,45,"Apr 27 - May 9, 2022",2022-04-27,2022-05-09,11.3,10.8,11.9
Medication and/or Counseling,45,"Apr 27 - May 9, 2022",2022-04-27,2022-05-09,26.8,26.0,27.7
Unmet Counseling Need,45,"Apr 27 - May 9, 2022",2022-04-27,2022-05-09,11.5,10.9,12.2
