service_category,year,services,payment_amt,avg_payment_per_service,share_of_bh_payment_pct,services_yoy_pct
Crisis Psychotherapy,2019,30020.0,2405447.159993511,80.12815323096306,0.19,
Crisis Psychotherapy,2020,42391.5,3384931.140077946,79.84928912819659,0.28,41.21
Crisis Psychotherapy,2021,28966.7,2348891.990000003,81.0893885047314,0.18,-31.67
Crisis Psychotherapy,2022,24493.5,1990418.7299959923,81.2631404248471,0.16,-15.44
Crisis Psychotherapy,2023,22630.0,1782868.099994544,78.78338930598957,0.15,-7.61
Crisis Psychotherapy,2024,27554.0,2162773.0299990224,78.49216193652545,0.16,21.76
Family / Group Therapy,2019,1092733.5,30332170.029811546,27.758067296199435,2.41,
Family / Group Therapy,2020,628231.0,20164369.370163396,32.09706202044056,1.64,-42.51
Family / Group Therapy,2021,612768.5,18672656.480056655,30.472611565471553,1.41,-2.46
Family / Group Therapy,2022,555178.0,16358221.620054604,29.46482320995177,1.31,-9.4
Family / Group Therapy,2023,519489.0,15247834.05003751,29.351601381429656,1.27,-6.43
Family / Group Therapy,2024,543083.0,16371070.509975808,30.14469337095031,1.22,4.54
Psychotherapy Add-on (with E/M),2019,1990836.1,111809323.64999293,56.161993270060215,8.87,
Psychotherapy Add-on (with E/M),2020,1937993.7,112181221.02031034,57.88523513792142,9.12,-2.65
Psychotherapy Add-on (with E/M),2021,1907093.4000000001,108309715.54997206,56.79308394123332,8.2,-1.59
Psychotherapy Add-on (with E/M),2022,1880349.0,103976795.93989915,55.29654119522448,8.36,-1.4
Psychotherapy Add-on (with E/M),2023,1900894.0,101745253.27021776,53.524948403339565,8.45,1.09
Psychotherapy Add-on (with E/M),2024,2036025.0,111505330.52957,54.766189280372295,8.32,7.11
Psychotherapy,2019,13097426.6,929498016.4975792,70.96798820751393,73.78,
Psychotherapy,2020,12773372.799999999,939702140.3468531,73.56726802390463,76.42,-2.47
Psychotherapy,2021,12371010.5,996726737.4407899,80.56954906317394,75.45,-3.15
Psychotherapy,2022,11688113.3,930898586.011048,79.64489752260084,74.81,-5.52
Psychotherapy,2023,11512542.399999999,894606159.434006,77.70708922070993,74.33,-1.5
Psychotherapy,2024,12382308.8,993151448.139806,80.20729123956318,74.14,7.55
Psychological Testing,2019,751897.7,32992250.44016581,43.87864258683836,2.62,
Psychological Testing,2020,623748.7000000001,28562227.749914657,45.79124212990689,2.32,-17.04
Psychological Testing,2021,680888.7,30773809.21003159,45.19653389758354,2.33,9.16
Psychological Testing,2022,681008.4,29750771.54002387,43.68635032992819,2.39,0.02
Psychological Testing,2023,671011.0,27978738.100068387,41.69639260767467,2.32,-1.47
Psychological Testing,2024,718914.7,30563185.060127363,42.5129505073792,2.28,7.14
Diagnostic Evaluation,2019,1504159.1,146240420.81004408,97.22403754366414,11.61,
Diagnostic Evaluation,2020,1200490.9,117745732.36900666,98.08132020743071,9.57,-20.19
Diagnostic Evaluation,2021,1230858.4,152606206.78072613,123.98356040038898,11.55,2.53
Diagnostic Evaluation,2022,1209918.5,146552988.0195022,121.12633042597679,11.78,-1.7
Diagnostic Evaluation,2023,1207173.5,142691369.3500749,118.20286756632322,11.86,-0.23
Diagnostic Evaluation,2024,1297136.8,148726814.62205416,114.65777134844541,11.1,7.45
Collaborative / Integrated Care,2019,112772.0,6621434.829965046,58.71523809070555,0.53,
Collaborative / Integrated Care,2020,172296.0,7992186.999976903,46.386375771793325,0.65,52.78
Collaborative / Integrated Care,2021,236606.0,11532369.07996147,48.74081418037357,0.87,37.33
Collaborative / Integrated Care,2022,309152.0,14802994.140076004,47.88257601463359,1.19,30.66
Collaborative / Integrated Care,2023,392095.0,19482430.789825782,49.68803680186124,1.62,26.83
Collaborative / Integrated Care,2024,682715.0,37047117.1899785,54.26439610961895,2.77,74.12
