rurality,bh_category,year,providers,median_benes_per_provider,payment_per_service,avg_patient_risk_score
Micropolitan,Social Worker,2020,1985,22.0,57.04980355296257,1.338202569269522
Micropolitan,Psychiatry,2020,1130,75.0,52.72559071567919,1.4048771681415928
Unknown,Social Worker,2020,23,22.0,50.77432946001367,1.2873869565217393
Metropolitan,Social Worker,2021,15295,19.0,64.7353174163346,1.3779802680614595
Metropolitan,Psychologist,2021,12517,25.0,80.55956210046422,1.4804992570104663
Small Town / Rural,Psychiatry,2021,373,62.0,63.931323003246106,1.3063715817694368
Metropolitan,Psychiatry,2022,19366,53.0,68.43665934823088,1.426452080966644
Micropolitan,Psychologist,2024,577,22.0,78.08218196641829,1.287294627383016
Small Town / Rural,Psychologist,2024,212,19.0,86.40440966696141,1.2581919811320756
Unknown,Counselor / MFT,2024,4,14.5,57.16949593495934,1.142825
Unknown,Psychiatry,2022,67,42.0,66.0379208516547,1.4902985074626867
Metropolitan,Psychologist,2019,14908,28.0,70.04536587933534,1.5754044405688234
Metropolitan,Social Worker,2019,18293,21.0,56.29235642263463,1.4345843492046153
Small Town / Rural,Psychiatry,2019,429,73.0,52.35680600053835,1.3863431235431236
Micropolitan,Social Worker,2023,1629,19.0,63.48359243151435,1.2660823204419887
Micropolitan,Psychiatry,2023,1029,52.0,64.31264684580283,1.3193488824101074
Unknown,Social Worker,2023,22,21.5,58.826440042023115,1.144509090909091
Metropolitan,Counselor / MFT,2024,2733,17.0,62.932562856202395,1.4628965605561643
Small Town / Rural,Social Worker,2024,765,17.0,62.43890462919575,1.2773708496732026
Unknown,Psychologist,2024,13,34.0,73.0861531007752,1.5855384615384613
Metropolitan,Psychiatry,2020,20035,62.0,61.354976765390106,1.525864921387569
Small Town / Rural,Psychologist,2021,302,21.0,83.59056622945212,1.2890781456953642
Micropolitan,Psychologist,2021,719,24.0,79.73210543454752,1.2625015299026436
Micropolitan,Social Worker,2022,1696,19.0,63.45333944032536,1.2218166863207547
Micropolitan,Psychiatry,2022,1044,60.0,62.78559214879525,1.3076545019157089
Unknown,Social Worker,2022,28,18.5,64.40921689334287,1.1851357142857142
Small Town / Rural,Social Worker,2019,1206,22.0,55.35068875919045,1.3324503316749583
Unknown,Psychiatry,2023,24,44.5,65.16065285074917,1.3824125
Metropolitan,Psychologist,2024,11159,25.0,76.16518635731563,1.4763424321175733
Metropolitan,Social Worker,2024,14171,18.0,66.40968179270786,1.4195868322630723
Small Town / Rural,Counselor / MFT,2024,261,15.0,60.269762676216466,1.2180057471264365
Small Town / Rural,Psychiatry,2024,329,42.0,47.43467926114472,1.2960048632218848
Unknown,Psychologist,2019,14,80.5,49.942057732436815,1.5622785714285714
Metropolitan,Psychologist,2020,13368,26.0,74.30111947391028,1.588752446140036
Small Town / Rural,Psychiatry,2020,396,63.5,52.1426795350768,1.3696320707070704
Metropolitan,Social Worker,2020,16239,20.0,58.89961905587042,1.4467417390233361
Micropolitan,Social Worker,2021,1877,20.0,63.97901231894454,1.2483802344166228
Micropolitan,Psychiatry,2021,1094,69.0,60.062921933828,1.3229851005484463
Unknown,Social Worker,2021,17,22.0,58.04166975537436,1.151723529411765
Micropolitan,Psychologist,2022,658,25.0,77.67319570341017,1.238370060790274
Small Town / Rural,Psychologist,2022,255,21.0,81.53032299695711,1.2447035294117648
Metropolitan,Psychiatry,2024,19007,46.0,67.74506943242785,1.4828178460567178
Small Town / Rural,Social Worker,2020,1077,20.0,56.05138070684526,1.3255347260909938
Unknown,Psychologist,2020,11,38.0,61.33647517039922,1.6432545454545453
Unknown,Psychiatry,2021,21,50.0,61.16980157278713,1.3983952380952378
Metropolitan,Psychiatry,2019,20769,70.0,61.16413799681378,1.5356385478357133
Micropolitan,Psychologist,2023,645,23.0,76.98755029501513,1.2740930232558143
Small Town / Rural,Psychologist,2023,244,20.0,81.7145067889578,1.2646434426229507
Unknown,Psychiatry,2020,34,47.0,59.32415087898959,1.4386470588235294
Small Town / Rural,Social Worker,2021,1020,20.0,61.82864866675101,1.2479503921568627
Micropolitan,Psychologist,2019,875,27.0,69.89437690996323,1.3517881142857147
Small Town / Rural,Psychologist,2019,375,25.0,72.05718715848472,1.3853429333333331
Unknown,Psychologist,2021,13,26.0,64.60602453102453,1.4749615384615387
Metropolitan,Psychiatry,2023,19013,49.0,69.53020555766666,1.4577515331615247
Small Town / Rural,Social Worker,2022,908,19.0,60.02635382797576,1.2199817180616743
Unknown,Psychologist,2022,19,35.0,65.9465641025641,1.5364157894736843
Micropolitan,Social Worker,2019,2240,23.0,56.11701971928838,1.344896205357142
Metropolitan,Social Worker,2023,14684,19.0,63.59227703566022,1.3854407586488673
Metropolitan,Psychologist,2023,11608,25.0,75.87213230644949,1.4655200206753924
Small Town / Rural,Psychiatry,2023,350,46.5,62.836885421934646,1.290806857142857
Micropolitan,Counselor / MFT,2024,460,15.5,61.0877144877194,1.3027771739130434
Unknown,Psychiatry,2024,18,33.0,61.325890389197774,1.3314555555555554
Micropolitan,Psychiatry,2019,1179,89.0,51.4196876859216,1.4113700593723497
Unknown,Social Worker,2019,26,27.0,51.338129155866106,1.3315269230769229
Micropolitan,Psychologist,2020,777,25.0,72.32595496505972,1.342241698841699
Small Town / Rural,Psychologist,2020,329,24.0,75.47158324898152,1.3796626139817632
Metropolitan,Psychiatry,2021,19746,58.0,68.4723673000092,1.4497485516053914
Metropolitan,Psychologist,2022,11992,25.0,78.73015425807604,1.435623007004672
Metropolitan,Social Worker,2022,14819,19.0,64.43598030867831,1.3620521357716457
Small Town / Rural,Psychiatry,2022,363,55.0,63.06567938129626,1.2641396694214873
Small Town / Rural,Social Worker,2023,864,18.0,58.51523097671901,1.218513078703704
Micropolitan,Social Worker,2024,1479,18.0,66.22653226666533,1.2943968897903986
Micropolitan,Psychiatry,2024,1008,48.0,60.846426089414294,1.3408941468253965
Unknown,Social Worker,2024,13,20.0,59.09861758474577,1.2793307692307694
Unknown,Psychiatry,2019,37,56.0,56.153331796172466,1.4447
Unknown,Psychologist,2023,19,32.0,74.9266018821604,1.4146052631578947
