bh_category,year,providers,services,payment_amt,payment_per_service,providers_yoy_pct,providers_index_first_year,share_of_bh_workforce_pct
Psychologist,2019,16172,7516471.1,526549837.10000014,70.05279872625336,,100.0,26.8
Social Worker,2019,21765,6472169.2,363871454.73999995,56.220942854831414,,100.0,36.06
Psychiatry,2019,22414,13997695.6,845344610.64,60.3916983764099,,100.0,37.14
Psychologist,2023,12516,5811999.0,441669524.75999993,75.99270487830434,-3.16,77.4,24.97
Social Worker,2023,17199,4922688.5,311810896.8,63.341585964661384,-1.44,79.0,34.31
Psychiatry,2023,20416,9711526.2,671928099.36,69.18872332960396,-2.03,91.1,40.73
Psychologist,2022,12924,5873047.5,462306735.70000005,78.71666893550581,-4.63,79.9,25.23
Social Worker,2022,17451,5021081.0,322108081.81,64.15114231576825,-4.16,80.2,34.07
Psychiatry,2022,20840,10331677.3,703443675.83,68.08610600236227,-1.86,93.0,40.69
Psychologist,2020,14485,6453230.6,479035446.0,74.23188100546105,-10.43,89.6,26.14
Social Worker,2020,19324,5684165.800000001,332978418.68000007,58.57999755742523,-11.22,88.8,34.88
Psychiatry,2020,21595,12335191.5,748669248.9200001,60.69376782030503,-3.65,96.3,38.98
Psychologist,2021,13551,6213610.4,500622869.1200001,80.56875743609547,-6.45,83.8,25.57
Social Worker,2021,18209,5371138.2,346549790.3100001,64.52073609090903,-5.77,83.7,34.36
Psychiatry,2021,21234,11482542.1,780157243.4700004,67.94290294568138,-1.67,94.7,40.07
Psychologist,2024,11961,5831409.599999999,445233065.30999994,76.350847539504,-4.43,74.0,22.91
Social Worker,2024,16428,4796021.4,317611073.26,66.22386490185384,-4.48,75.5,31.47
Counselor / MFT,2024,3458,584523.0,36564724.379999995,62.55480858751494,,100.0,6.62
Psychiatry,2024,20362,10150860.1,681246777.2799999,67.11222207465946,-0.26,90.8,39.0
